emp_id,experience_years,experience_months,education_years,age_years,work_hours_per_week,projects_completed,certifications,last_appraisal_rating,pf_contribution_rs,salary_lpa
1,2,24,15,23,54,0,3,3.6,1786,4.49
2,3,36,16,24,49,11,0,2.8,2237,5.54
3,4,48,16,27,43,6,1,2.7,2147,5.28
4,12,144,12,30,50,12,1,3.0,4542,11.55
5,4,48,15,25,38,3,4,4.4,3073,7.68
6,12,144,17,36,46,18,2,3.0,5201,13.03
7,4,48,12,22,49,2,0,3.8,2614,6.66
8,2,24,15,23,49,4,1,3.5,2532,6.43
9,3,36,19,30,39,3,9,3.6,4080,10.07
10,7,84,16,29,37,17,4,3.6,3408,8.37
11,9,108,15,31,55,18,0,3.8,4485,11.18
12,6,72,16,28,43,0,1,2.6,3064,7.74
13,5,60,16,26,37,5,1,3.4,3082,7.56
14,8,96,15,28,39,14,8,3.6,5033,12.62
15,10,120,15,30,46,9,1,3.0,3918,9.94
16,1,12,17,24,52,6,2,3.7,2545,6.29
17,3,36,16,24,46,6,0,2.7,2895,7.18
18,1,12,16,22,52,5,1,3.9,2543,6.31
19,8,96,17,32,47,9,1,2.9,3814,9.58
20,11,132,16,33,48,15,1,3.2,5412,13.65
21,1,12,19,27,51,4,0,4.0,3169,8.01
22,4,48,15,25,43,0,2,4.1,3739,9.31
23,12,144,16,35,47,9,0,3.0,4756,11.98
24,6,72,16,27,43,1,2,3.0,3536,8.76
25,3,36,15,24,42,14,0,4.1,3188,7.84
26,3,36,16,28,49,5,1,1.4,2599,6.41
27,7,84,15,29,41,11,3,4.3,3965,10.1
28,11,132,17,35,46,14,1,4.3,5146,12.79
29,4,48,17,27,41,2,3,2.7,2989,7.61
30,2,24,15,24,45,0,0,4.2,1885,4.75
31,11,132,16,32,43,18,2,3.7,4745,11.96
32,11,132,15,31,51,11,1,3.7,4839,12.07
33,5,60,15,27,46,16,1,1.8,2765,7.04
34,4,48,17,28,46,6,1,3.1,2441,6.17
35,13,156,16,35,54,16,2,3.3,5583,13.72
36,3,36,15,24,32,2,2,3.1,3187,8.12
37,8,96,16,30,39,9,1,3.1,4524,11.38
38,6,72,15,27,32,7,4,3.2,2711,6.78
39,1,12,17,23,45,10,2,1.4,1855,4.71
40,6,72,15,25,48,21,1,3.3,3836,9.67
41,2,24,12,20,49,0,0,2.9,1483,3.69
42,3,36,15,22,47,5,1,3.3,2511,6.32
43,2,24,15,22,40,7,2,3.1,2313,5.77
44,16,192,16,37,55,14,0,3.4,6098,14.98
45,13,156,17,35,47,12,1,3.6,4982,12.66
46,2,24,17,25,44,0,6,4.6,3830,9.51
47,2,24,15,22,39,0,1,2.8,1589,4.05
48,2,24,12,20,48,6,6,4.6,2421,6.08
49,8,96,15,28,43,9,1,3.2,4503,11.16
50,9,108,19,33,43,10,1,2.8,5287,12.98
51,3,36,16,26,46,4,3,2.4,2732,6.84
52,1,12,17,24,46,3,1,4.0,2445,6.08
53,1,12,12,20,41,15,1,2.4,1231,3.08
54,1,12,12,20,52,2,1,4.0,1280,3.25
55,7,84,17,30,40,13,4,3.6,4202,10.68
56,3,36,16,25,39,1,4,3.0,3488,8.7
57,6,72,15,29,47,9,2,2.9,3220,7.93
58,9,108,15,29,46,9,0,3.7,4215,10.64
59,2,24,15,23,46,2,3,3.5,2666,6.6
60,7,84,15,28,43,3,0,3.9,3635,9.04
61,15,180,12,33,45,13,1,3.4,4940,12.43
62,3,36,17,25,42,6,5,3.1,3639,9.04
63,6,72,16,29,36,12,1,3.8,3635,9.25
64,14,168,15,35,49,20,7,2.6,6040,15.25
65,7,84,17,30,40,4,1,4.0,3722,9.35
66,13,156,15,34,44,18,3,3.4,4538,11.28
67,12,144,12,30,49,0,6,2.6,4782,12.18
68,6,72,16,27,45,13,4,2.7,4064,10.35
69,5,60,17,28,60,6,1,3.2,3194,7.85
70,15,180,12,31,37,20,2,2.2,5074,12.67
71,5,60,17,28,41,13,1,4.4,3864,9.51
72,12,144,15,31,46,12,7,4.1,5340,13.09
73,5,60,15,26,53,12,3,2.6,3501,8.87
74,8,96,12,27,44,7,3,3.3,3758,9.44
75,4,48,15,25,37,8,1,4.6,3454,8.47
76,4,48,17,26,51,2,2,3.7,3564,9.09
77,5,60,16,28,40,8,2,2.7,2467,6.05
78,5,60,17,28,44,15,2,1.9,3729,9.14
79,21,252,15,41,50,21,3,2.3,7201,17.82
80,7,84,15,27,41,5,1,4.2,4110,10.32
81,1,12,15,24,43,0,3,3.6,2675,6.64
82,2,24,19,28,48,4,1,2.5,3127,7.97
83,22,264,19,48,44,43,2,3.9,8740,21.98
84,12,144,15,32,47,11,9,3.2,6823,17.38
85,15,180,16,38,40,6,1,2.9,5576,13.98
86,0,0,15,20,44,0,1,3.0,1177,2.92
87,6,72,17,30,39,0,1,3.1,3837,9.78
88,12,144,12,29,36,11,1,4.6,3945,9.71
89,12,144,12,32,55,15,1,2.7,5040,12.81
90,3,36,15,22,48,0,2,3.1,2913,7.36
91,10,120,15,32,50,8,1,4.3,5018,12.6
92,10,120,17,34,40,1,2,4.4,5198,13.2
93,10,120,17,31,45,13,0,2.7,4767,11.8
94,4,48,16,26,44,0,1,4.8,2530,6.28
95,7,84,16,31,37,15,1,4.2,3757,9.36
96,5,60,17,29,48,13,1,2.4,3606,9.04
97,9,108,17,30,41,6,2,4.7,4646,11.57
98,16,192,17,38,44,17,2,2.4,6412,16.11
99,2,24,15,22,37,3,0,3.9,1929,4.79
100,16,192,16,37,50,24,0,2.6,5782,14.23
101,3,36,15,23,49,0,1,2.2,2402,5.94
102,3,36,16,27,47,3,5,4.0,3521,8.85
103,15,180,17,38,40,29,4,3.7,6787,16.71
104,6,72,17,29,42,7,2,3.3,3315,8.35
105,5,60,17,28,52,8,2,3.5,2860,7.1
106,10,120,12,29,44,12,2,3.3,4874,12.07
107,6,72,15,28,46,0,1,3.2,2643,6.63
108,8,96,15,28,46,16,2,2.7,3636,8.96
109,19,228,19,46,39,25,1,3.8,7459,18.3
110,2,24,15,22,53,4,1,3.4,2612,6.63
111,3,36,15,24,34,8,6,3.2,2726,6.94
112,7,84,15,28,46,13,1,3.0,3804,9.59
113,3,36,12,23,45,0,7,3.2,2614,6.66
114,4,48,17,27,36,8,0,2.3,2447,6.0
115,3,36,16,25,47,0,0,3.2,2517,6.35
116,19,228,15,41,48,24,1,2.7,6103,15.47
117,14,168,16,37,45,13,1,4.3,5667,14.12
118,5,60,12,24,40,1,2,2.7,2778,6.82
119,8,96,16,31,47,16,1,3.1,4047,9.97
120,11,132,15,32,51,13,3,3.4,4543,11.19
121,12,144,12,31,46,13,2,4.0,4327,10.95
122,2,24,15,24,55,1,3,3.7,2370,5.98
123,6,72,16,28,50,8,3,3.4,3804,9.67
124,4,48,16,28,49,5,1,4.9,2201,5.46
125,11,132,15,30,53,0,1,3.4,3587,9.02
126,6,72,16,27,41,2,1,3.6,3656,9.08
127,5,60,15,28,42,5,2,5.0,3266,8.32
128,2,24,15,23,48,7,1,2.8,2233,5.53
129,3,36,15,23,48,12,3,4.1,3022,7.67
130,3,36,15,24,53,0,6,3.7,3018,7.4
131,9,108,17,33,51,23,3,2.5,4526,11.42
132,3,36,15,23,46,5,3,3.0,2719,6.8
133,4,48,15,26,46,8,7,4.0,3922,9.68
134,6,72,16,28,44,4,5,2.4,3872,9.63
135,4,48,19,29,43,2,4,3.3,3689,9.38
136,7,84,17,30,43,17,1,4.0,3783,9.3
137,15,180,17,39,50,17,1,3.2,6190,15.33
138,4,48,12,21,42,5,4,3.6,2101,5.2
139,7,84,17,29,43,16,2,2.9,3798,9.49
140,4,48,17,28,46,16,0,3.0,3161,8.01
141,6,72,15,25,42,0,1,3.0,3168,7.87
142,3,36,16,23,44,3,0,3.2,2961,7.46
143,2,24,12,21,33,3,3,3.8,2387,5.89
144,8,96,17,31,47,21,0,3.5,4481,11.28
145,9,108,17,32,43,26,2,4.8,4962,12.32
146,2,24,17,25,46,3,3,3.8,2869,7.16
147,2,24,17,24,47,5,5,3.6,2955,7.49
148,2,24,15,26,35,8,2,5.0,3461,8.59
149,3,36,17,25,58,11,3,3.3,3448,8.46
150,22,264,15,42,46,25,2,2.8,7183,18.28
151,2,24,15,21,46,8,3,3.5,2196,5.47
152,12,144,15,32,36,11,2,2.6,5404,13.43
153,1,12,16,25,49,0,2,3.8,1926,4.75
154,12,144,15,33,48,7,2,4.3,5154,12.98
155,3,36,16,26,44,5,3,3.8,3096,7.64
156,12,144,16,33,47,20,1,3.1,5662,14.02
157,4,48,15,27,53,0,1,3.3,2244,5.68
158,20,240,16,42,44,14,0,3.7,7275,18.01
159,10,120,15,29,41,12,2,4.2,4690,11.75
160,9,108,17,33,53,0,1,3.1,4514,11.42
161,7,84,15,27,47,12,1,3.1,4129,10.43
162,2,24,17,26,45,9,2,4.2,2960,7.45
163,4,48,15,25,58,0,7,3.6,3307,8.19
164,9,108,16,31,47,16,2,3.6,4836,12.26
165,3,36,16,25,45,3,2,3.7,2217,5.51
166,5,60,16,26,47,15,1,2.9,3411,8.42
167,3,36,15,22,44,6,3,3.3,2314,5.78
168,8,96,19,34,47,9,1,4.1,4199,10.33
169,20,240,15,41,47,25,1,3.3,6440,15.96
170,5,60,15,26,42,12,5,3.3,2850,7.12
171,8,96,16,29,44,12,2,3.6,4649,11.41
172,4,48,12,20,47,6,2,3.7,2782,6.94
173,6,72,15,25,48,0,1,5.0,3419,8.67
174,2,24,17,27,49,6,3,2.8,3183,8.05
175,11,132,17,33,50,14,1,3.5,5113,12.62
176,8,96,16,29,47,21,1,4.8,4288,10.57
177,22,264,17,43,49,27,1,3.4,7480,18.78
178,11,132,17,33,44,13,2,3.7,5465,13.74
179,6,72,15,26,44,4,5,2.4,3834,9.7
180,11,132,16,33,51,18,2,4.1,5763,14.21
181,7,84,15,28,35,8,2,4.0,3487,8.55
182,6,72,17,28,48,4,0,4.0,3521,8.65
183,12,144,15,32,62,25,2,3.3,4605,11.54
184,1,12,15,22,35,13,2,3.7,2864,7.05
185,1,12,17,24,54,0,0,3.4,2454,6.21
186,6,72,17,29,36,2,1,4.0,3817,9.71
187,7,84,17,32,48,16,2,3.4,4182,10.43
188,14,168,16,36,54,13,1,4.0,5565,14.0
189,7,84,17,30,54,26,0,2.5,3829,9.58
190,5,60,16,26,40,6,1,3.2,3590,9.13
191,11,132,16,34,38,20,0,1.4,4189,10.61
192,8,96,12,25,38,3,2,3.3,3662,9.16
193,7,84,16,27,49,9,1,3.9,3969,9.92
194,20,240,17,42,43,31,0,3.2,7040,17.45
195,7,84,17,31,45,12,1,5.0,3659,9.06
196,9,108,17,31,47,8,3,2.7,4173,10.48
197,8,96,16,31,48,25,1,3.2,4240,10.62
198,1,12,17,24,48,7,4,2.8,2078,5.24
199,2,24,15,21,46,2,2,3.1,2517,6.38
200,2,24,17,25,36,0,2,3.1,3088,7.75
201,5,60,15,28,53,5,1,2.4,3102,7.73
202,8,96,15,28,32,19,5,2.7,3684,9.03
203,14,168,16,34,52,13,3,4.8,5044,12.49
204,1,12,16,24,42,2,3,3.2,2754,6.8
205,5,60,16,28,44,2,2,4.0,4048,9.99
206,20,240,17,44,42,32,1,2.5,7390,18.16
207,22,264,15,43,43,26,1,3.3,7951,19.55
208,10,120,16,32,45,18,0,3.8,4446,11.26
209,22,264,15,43,44,31,4,3.3,7684,19.35
210,4,48,16,27,39,2,0,3.0,3119,7.87
211,2,24,16,26,50,8,2,3.3,2389,5.9
212,5,60,15,26,42,13,1,3.4,3526,8.82
213,7,84,16,30,53,2,1,4.0,4564,11.21
214,13,156,17,36,44,21,0,4.2,5624,14.02
215,10,120,15,32,41,34,1,2.5,5345,13.62
216,7,84,12,24,48,8,1,2.0,2205,5.57
217,6,72,12,23,50,12,7,3.3,3889,9.76
218,6,72,16,28,40,0,6,3.4,3859,9.79
219,2,24,19,26,44,6,2,3.9,4331,10.8
220,3,36,12,22,53,1,3,4.1,2219,5.65
221,3,36,19,27,40,9,1,2.9,2854,7.21
222,10,120,16,32,41,13,1,4.8,5404,13.78
223,9,108,15,30,46,5,1,3.6,3321,8.43
224,6,72,15,27,39,15,0,2.2,3360,8.33
225,2,24,15,23,32,2,1,4.1,1996,4.99
226,6,72,17,30,36,2,0,3.6,4167,10.23
227,14,168,16,40,47,18,1,3.6,5565,14.12
228,10,120,15,29,49,7,2,2.3,4543,11.5
229,9,108,15,30,48,14,2,3.2,4158,10.58
230,4,48,17,27,47,5,2,3.5,2739,6.93
231,3,36,17,25,38,2,2,3.3,1964,4.95
232,7,84,16,29,49,13,1,3.9,4683,11.74
233,13,156,15,33,52,9,0,4.3,5152,13.01
234,5,60,17,28,41,13,1,4.5,3146,7.97
235,8,96,19,34,50,0,0,4.3,4263,10.71
236,13,156,12,28,43,26,2,3.3,5268,13.41
237,3,36,15,24,46,6,2,4.6,2216,5.47
238,5,60,15,26,47,5,0,3.6,3939,9.82
239,1,12,16,22,37,0,1,4.0,2101,5.25
240,3,36,12,22,53,8,1,3.2,1838,4.6
241,1,12,12,20,41,1,1,2.4,1816,4.53
242,5,60,15,25,45,6,2,1.8,3039,7.45
243,12,144,15,34,43,22,1,3.5,4610,11.58
244,8,96,17,29,48,8,2,2.9,4617,11.51
245,6,72,16,29,48,7,0,3.4,3519,8.9
246,8,96,12,26,45,13,3,4.0,4154,10.43
247,2,24,12,20,53,10,1,2.3,1216,3.09
248,2,24,16,24,47,2,3,2.2,1960,4.83
249,8,96,17,30,43,12,3,3.6,4806,11.93
250,3,36,17,27,32,5,0,3.7,2648,6.55
251,3,36,15,22,44,9,2,3.2,1742,4.31
252,5,60,17,28,44,16,2,3.0,3311,8.4
253,3,36,17,25,40,0,2,2.3,3012,7.49
254,6,72,15,29,40,7,5,3.3,3360,8.52
255,21,252,17,43,48,26,2,2.9,8347,20.77
256,6,72,15,28,51,12,3,3.7,3386,8.59
257,4,48,15,23,56,15,1,4.1,2971,7.53
258,8,96,16,30,52,10,4,3.0,3530,8.96
259,7,84,15,28,41,11,3,3.7,3537,8.83
260,1,12,16,23,47,9,5,3.5,2608,6.62
261,21,252,17,43,38,19,4,3.9,8211,20.64
262,5,60,17,26,49,2,1,4.5,3561,8.93
263,2,24,16,22,47,1,2,3.9,3087,7.57
264,10,120,15,32,42,13,2,3.9,3669,9.07
265,9,108,17,32,45,13,0,4.0,4511,11.24
266,22,264,17,44,44,24,4,3.1,8224,20.37
267,2,24,19,28,42,14,2,3.4,2741,6.99
268,14,168,16,35,52,13,0,3.6,5435,13.66
269,11,132,16,32,62,13,4,4.3,4930,12.43
270,2,24,15,21,50,10,1,4.3,2701,6.71
271,15,180,15,37,51,24,1,5.0,5844,14.83
272,4,48,15,27,46,6,0,2.6,2809,6.9
273,2,24,17,24,43,6,2,3.4,2335,5.88
274,8,96,15,29,57,15,3,2.2,4587,11.3
275,2,24,17,26,43,3,1,3.0,2734,6.74
276,6,72,16,30,47,12,3,2.3,4386,10.98
277,6,72,16,25,45,3,1,4.2,3399,8.67
278,8,96,19,33,48,11,2,3.9,4479,11.37
279,7,84,15,29,45,0,0,2.7,3233,8.12
280,7,84,16,27,48,4,4,3.6,3864,9.57
281,1,12,15,22,38,0,1,3.9,1547,3.87
282,5,60,17,28,45,14,1,4.6,3793,9.32
283,5,60,16,28,53,4,1,4.0,3289,8.09
284,7,84,15,27,40,11,0,3.5,3205,8.07
285,4,48,15,25,42,0,3,3.3,2761,6.77
286,17,204,16,38,53,20,9,3.8,6972,17.41
287,4,48,15,26,47,4,1,3.6,2788,7.09
288,7,84,15,28,51,4,3,3.1,3011,7.67
289,9,108,12,26,33,17,1,2.6,4269,10.73
290,7,84,15,26,46,0,2,4.1,3636,9.12
291,2,24,16,26,38,7,0,2.9,2666,6.75
292,4,48,16,27,38,22,0,3.2,2613,6.43
293,7,84,17,31,47,4,1,4.0,4061,10.23
294,3,36,17,25,52,5,3,3.4,3069,7.59
295,9,108,17,31,37,2,4,4.2,5141,13.0
296,18,216,17,43,39,22,7,2.6,7803,19.56
297,7,84,16,30,42,0,2,3.9,3050,7.66
298,7,84,16,28,45,13,2,2.5,4346,10.75
299,2,24,15,23,38,0,4,2.4,1683,4.23
300,5,60,15,26,58,0,3,2.7,3580,9.05
301,4,48,12,22,48,0,5,3.5,2603,6.42
302,9,108,17,31,43,2,2,2.9,3831,9.52
303,3,36,15,25,42,2,2,2.4,2684,6.8
304,5,60,12,24,58,12,1,4.2,2707,6.84
305,4,48,16,26,58,3,2,2.7,2424,6.16
306,11,132,17,32,42,7,1,3.3,4609,11.37
307,2,24,16,23,47,0,1,3.6,2588,6.49
308,3,36,15,24,52,5,1,3.1,1881,4.64
309,2,24,16,25,39,0,1,3.7,2027,5.05
310,9,108,15,29,42,15,3,3.8,5346,13.21
311,3,36,12,22,53,7,1,3.3,1669,4.13
312,6,72,16,28,41,0,3,4.1,3839,9.61
313,10,120,16,31,43,20,3,3.0,5003,12.63
314,2,24,17,22,38,0,1,2.7,2832,7.11
315,7,84,15,26,41,7,0,3.5,3837,9.58
316,7,84,17,28,49,16,4,2.7,3231,7.92
317,4,48,12,22,41,0,1,3.7,1947,4.91
318,11,132,12,29,38,2,0,3.3,4337,10.74
319,7,84,16,31,42,2,2,3.1,3311,8.36
320,9,108,15,30,55,4,2,3.8,4986,12.4
321,14,168,12,31,46,16,2,3.8,5233,12.96
322,10,120,15,34,42,9,1,1.3,3375,8.61
323,10,120,15,31,46,9,1,3.2,4577,11.34
324,4,48,15,25,48,2,0,3.5,3519,8.67
325,7,84,16,29,46,8,3,3.7,3772,9.28
326,5,60,17,26,35,1,3,3.0,3755,9.25
327,7,84,15,29,47,11,3,2.6,3300,8.29
328,8,96,15,29,44,10,2,3.5,3660,9.28
329,5,60,16,29,50,0,2,3.9,3319,8.35
330,4,48,12,23,38,16,1,2.0,2457,6.05
331,3,36,15,25,51,0,4,2.4,2771,6.88
332,6,72,15,28,42,12,3,3.0,3637,9.09
333,6,72,15,27,36,3,1,1.6,3917,9.99
334,2,24,12,20,52,5,1,3.0,1160,2.95
335,1,12,16,23,42,5,2,4.0,1583,3.95
336,6,72,16,26,47,13,4,2.7,4112,10.13
337,6,72,17,29,44,16,5,3.5,4379,10.9
338,2,24,19,27,51,0,1,2.8,2152,5.41
339,4,48,15,26,51,23,1,3.7,3819,9.74
340,5,60,16,27,51,9,1,3.9,2993,7.57
341,13,156,16,33,49,11,5,4.3,5272,13.12
342,16,192,15,37,36,11,3,3.5,6220,15.68
343,3,36,17,28,36,18,1,4.1,3509,8.76
344,8,96,17,29,46,20,1,3.7,5371,13.68
345,10,120,19,34,40,12,1,3.1,4375,10.92
346,16,192,17,39,48,24,3,4.4,6246,15.64
347,2,24,17,23,46,11,0,3.0,2389,6.09
348,4,48,15,24,37,6,2,3.5,2747,6.78
349,7,84,12,25,39,6,3,5.0,3467,8.57
350,4,48,15,23,39,5,1,4.0,2505,6.36
351,5,60,15,26,40,12,2,2.8,2472,6.15
352,1,12,17,24,44,2,1,3.6,2187,5.39
353,1,12,16,21,49,0,1,3.0,2357,5.89
354,3,36,16,25,52,9,3,3.3,3358,8.31
355,2,24,17,26,40,0,1,2.3,2037,5.17
356,5,60,12,23,42,2,4,3.6,2967,7.55
357,22,264,16,44,54,34,1,2.3,7852,19.84
358,3,36,12,22,50,6,3,3.7,2066,5.11
359,5,60,15,26,46,8,1,3.7,2931,7.39
360,1,12,17,25,32,2,1,4.0,2474,6.1
361,2,24,17,25,39,9,3,5.0,4343,11.05
362,7,84,15,27,46,9,4,2.2,3793,9.49
363,8,96,15,30,42,0,5,2.6,3579,8.97
364,10,120,17,34,56,14,4,2.7,4985,12.31
365,7,84,15,29,45,0,1,3.0,3125,7.76
366,4,48,12,21,47,0,5,4.0,3211,7.95
367,8,96,15,30,39,20,1,3.2,3045,7.58
368,3,36,12,23,39,10,2,3.0,1602,4.06
369,10,120,17,33,41,10,2,2.6,5105,12.63
370,1,12,15,23,42,1,3,3.0,2312,5.73
371,19,228,19,46,44,24,2,3.1,7690,19.05
372,4,48,15,25,47,11,3,3.3,3391,8.49
373,8,96,15,30,46,5,2,2.4,3106,7.79
374,6,72,16,28,51,2,3,3.3,3703,9.39
375,9,108,15,31,37,7,1,3.8,3641,8.99
376,2,24,15,23,46,4,1,3.6,1704,4.27
377,7,84,15,27,46,10,2,2.5,3853,9.46
378,8,96,15,29,54,8,1,4.0,3516,8.87
379,8,96,12,26,44,15,4,4.0,3666,9.17
380,2,24,15,23,47,0,1,3.6,2473,6.22
381,13,156,17,37,40,16,3,2.5,5190,12.92
382,5,60,15,25,47,2,1,2.4,3125,7.67
383,14,168,15,34,47,11,2,3.4,6388,16.15
384,7,84,16,29,41,16,1,2.7,3667,9.21
385,3,36,17,27,43,2,3,2.5,3301,8.32
386,3,36,15,24,45,0,9,4.0,3699,9.4
387,5,60,15,29,48,7,1,4.0,2532,6.45
388,1,12,17,25,39,0,2,3.8,1893,4.64
389,7,84,17,30,50,12,2,4.3,4223,10.63
390,4,48,16,27,43,10,1,4.0,2198,5.45
391,9,108,15,32,56,18,7,2.6,4854,12.0
392,3,36,15,24,53,0,1,4.2,2683,6.67
393,4,48,17,25,43,4,4,3.5,3634,9.17
394,1,12,17,24,41,13,4,3.7,3129,7.77
395,3,36,17,26,59,3,1,4.5,3673,9.03
396,5,60,17,31,48,14,3,3.7,3654,9.15
397,4,48,16,24,48,15,3,4.5,4193,10.32
398,3,36,15,26,43,0,1,3.4,2702,6.66
399,3,36,17,26,44,11,0,3.1,3093,7.65
400,5,60,17,29,49,11,1,2.9,3358,8.33
401,2,24,16,24,48,8,2,3.3,3084,7.57
402,15,180,17,38,40,29,1,2.2,5760,14.4
403,5,60,15,27,52,9,2,3.4,3583,8.81
404,12,144,15,33,47,15,1,3.3,5323,13.53
405,6,72,16,29,40,11,4,3.0,3553,8.81
406,10,120,16,32,51,10,1,1.8,3785,9.61
407,7,84,17,30,44,12,0,1.9,3291,8.27
408,11,132,17,34,49,1,1,3.9,4868,12.13
409,11,132,17,33,42,24,1,2.7,5296,13.14
410,4,48,15,25,47,2,0,4.4,3175,7.88
411,3,36,15,26,36,7,2,2.9,3388,8.58
412,5,60,17,27,47,8,0,3.7,4021,10.22
413,2,24,15,21,37,3,5,2.4,2610,6.62
414,6,72,17,29,46,8,5,3.0,3906,9.72
415,3,36,15,26,32,4,1,3.2,1907,4.83
416,9,108,16,32,45,1,0,3.8,4510,11.09
417,5,60,16,29,49,3,3,4.6,3835,9.52
418,4,48,17,29,48,13,3,4.1,3456,8.71
419,4,48,17,26,52,0,2,2.4,2931,7.29
420,9,108,15,30,39,5,4,3.4,4219,10.73
421,4,48,16,23,54,18,1,3.3,2028,5.05
422,7,84,16,28,54,16,4,3.0,4079,10.34
423,12,144,15,34,38,24,1,3.8,5332,13.26
424,9,108,17,30,41,11,2,4.5,4666,11.77
425,3,36,16,23,42,6,1,3.1,2201,5.49
426,7,84,19,30,45,14,1,4.2,4581,11.36
427,12,144,15,33,46,18,2,4.4,5411,13.68
428,5,60,16,28,32,6,1,2.7,3835,9.76
429,1,12,15,25,48,0,1,4.6,2563,6.5
430,3,36,16,27,44,0,1,4.6,3109,7.67
431,3,36,16,23,39,0,2,3.6,2781,6.83
432,6,72,16,25,50,17,0,4.6,3154,7.86
433,20,240,15,41,43,22,2,3.6,6860,17.44
434,9,108,16,32,51,10,1,4.2,3811,9.49
435,4,48,15,23,48,7,3,3.9,3044,7.66
436,11,132,17,33,43,14,0,2.8,5223,13.23
437,2,24,16,24,51,6,2,3.6,3110,7.7
438,4,48,16,26,49,1,4,3.3,3653,9.0
439,8,96,15,29,42,1,3,3.1,3877,9.68
440,5,60,15,27,36,17,1,2.6,3559,8.87
441,15,180,19,41,42,14,3,2.9,6514,16.0
442,14,168,15,35,48,14,1,2.5,4305,10.98
443,1,12,17,25,44,0,5,4.2,2974,7.33
444,7,84,16,31,55,5,2,2.0,3658,8.99
445,2,24,19,26,46,3,2,3.5,2340,5.77
446,2,24,15,22,46,7,1,3.0,2012,5.02
447,2,24,19,28,47,0,5,2.5,2149,5.29
448,3,36,17,28,40,6,6,3.9,3328,8.32
449,4,48,16,26,44,1,2,2.8,3414,8.58
450,13,156,17,37,41,23,3,4.2,5748,14.37
451,8,96,17,31,32,2,1,3.3,4551,11.59
452,7,84,16,30,35,9,5,3.6,4262,10.86
453,6,72,16,27,49,12,1,3.3,3226,8.06
454,2,24,15,24,43,0,1,3.9,1477,3.68
455,4,48,12,23,44,6,1,4.1,2646,6.73
456,10,120,16,33,37,13,2,3.1,4992,12.35
457,9,108,16,33,42,6,4,3.4,3826,9.7
458,8,96,17,32,49,8,2,4.6,4239,10.72
459,1,12,15,21,46,7,1,3.0,2486,6.22
460,8,96,17,32,42,11,2,4.7,4262,10.54
461,1,12,19,24,53,0,3,3.1,3007,7.52
462,2,24,17,26,45,1,3,3.0,1882,4.63
463,9,108,19,37,43,14,5,2.2,4785,11.84
464,4,48,15,26,51,13,1,2.8,3148,7.85
465,12,144,15,34,35,19,2,2.2,4461,10.99
466,1,12,15,22,48,6,0,3.0,1216,3.06
467,8,96,15,30,39,19,2,3.9,3595,8.96
468,14,168,15,35,41,8,5,3.4,5612,13.95
469,16,192,15,38,41,11,3,3.0,5221,13.27
470,6,72,12,24,46,0,3,2.7,2670,6.74
471,16,192,17,39,46,24,4,2.9,7086,17.38
472,3,36,15,24,47,0,1,2.4,2929,7.38
473,4,48,16,26,46,5,3,2.5,2895,7.12
474,9,108,16,29,53,15,1,4.8,5217,13.28
475,3,36,17,29,54,0,2,3.6,3152,7.96
476,7,84,17,30,49,4,1,2.8,3621,9.15
477,9,108,15,28,49,9,1,3.9,4305,10.98
478,18,216,16,41,43,26,6,4.5,8286,20.53
479,7,84,15,28,39,0,3,3.0,4203,10.62
480,3,36,15,24,48,6,2,3.3,2982,7.43
481,7,84,15,29,45,13,2,2.5,3526,8.96
482,13,156,15,33,50,17,1,2.3,5428,13.53
483,2,24,15,20,35,3,1,4.4,2492,6.23
484,10,120,16,32,60,20,0,5.0,4918,12.31
485,7,84,15,28,38,10,1,2.9,3678,9.09
486,12,144,15,34,45,14,1,2.3,5515,13.87
487,8,96,17,30,50,8,1,4.4,3833,9.5
488,9,108,12,27,37,15,1,4.1,3770,9.31
489,11,132,12,30,42,11,3,3.7,3816,9.64
490,12,144,12,30,34,18,5,4.4,5396,13.6
491,3,36,17,26,37,4,3,3.2,3564,8.87
492,9,108,16,31,34,18,3,3.6,5213,13.2
493,6,72,17,28,46,2,0,4.0,3329,8.49
494,8,96,19,35,47,10,2,3.2,4696,11.69
495,16,192,15,36,43,21,2,3.7,6589,16.34
496,7,84,17,30,52,11,1,3.2,3969,10.08
497,2,24,15,23,53,9,1,3.7,2531,6.31
498,2,24,16,23,45,5,4,3.5,2889,7.23
499,11,132,17,35,44,19,4,2.0,5354,13.38
500,4,48,17,28,43,17,3,3.5,3598,8.84
